Estagio;Formação vegetal;Parcela;Linha;Sub transecto;Diametr;Perimetr;direcao;grau decomp;Bambu;[2-5 cm];[5-10 cm];Tipo de planta;podridao;comprimento;pto inter ceptação;topografia;Observação;Árvore  próxima;dia;mes;ano;altura;sequencia;perimetro na base;perimetro no extremo distal
Restoration;semidecidua;3B;18;3;11;34.55751919;210;5;;;;arv;mista;;;vale;mesma arv;;8;3;2017;455;3256;;
Restoration;semidecidua;1A;38;1;;;;;;;;;;;;vale;;;21;3;2016;455;2396;;
Restoration;semidecidua;1A;38;2;;;;;;5;;arv(galho);;;;vale;de arv;;21;3;2016;455;2397;;
Restoration;semidecidua;1A;38;3;;;;;;;;;;;;vale;;;21;3;2016;455;2398;;
Restoration;semidecidua;1A;46;1;;;;;;;;;;;;vale;;;21;3;2016;455;2399;;
Restoration;semidecidua;1A;46;2;;;;;;6;;arv(galho);;;;vale;de arv;;21;3;2016;455;2400;;
Restoration;semidecidua;1A;46;3;;;;;;;;;;;;vale;;;21;3;2016;455;2401;;
Restoration;semidecidua;1B;22;1;;;;;;;;;;;;vale;;;21;3;2016;455;2402;;
Restoration;semidecidua;1B;22;2;;;;;;2;;arv(galho);;;;vale;de arv;;21;3;2016;455;2403;;
Restoration;semidecidua;1B;22;3;;;;;;;;;;;;vale;;;21;3;2016;455;2404;;
Restoration;semidecidua;1B;30;1;;;;;;;;;;;;vale;;;21;3;2016;455;2405;;
Restoration;semidecidua;1B;30;2;;;;;;3;;arv(galho);;;;vale;de arv;;21;3;2016;455;2406;;
Restoration;semidecidua;1B;30;3;;;;;;;;;;;;vale;;;21;3;2016;455;2407;;
Restoration;semidecidua;1C;22;1;;;;;;;;;;;;vale;;;21;3;2016;455;2408;;
Restoration;semidecidua;1C;22;2;;;;;;4;;arv(galho);;;;vale;de arv;;21;3;2016;455;2409;;
Restoration;semidecidua;1C;22;3;;;;;;;;;;;;vale;;;21;3;2016;455;2410;;
Restoration;semidecidua;1C;30;1;;;;;;;;;;;;vale;;;21;3;2016;455;2411;;
Restoration;semidecidua;1C;30;2;;;;;;2;;arv(galho);;;;vale;de arv;;21;3;2016;455;2412;;
Restoration;semidecidua;1C;30;3;;;;;;;;;;;;vale;;;21;3;2016;455;2413;;
Restoration;semidecidua;1D;6;1;;;;;;;;;;;;vale;;;21;3;2016;455;2414;;
Restoration;semidecidua;1D;6;2;;37.5;70;3;;;;arv;NA;;;vale; ind 167;;21;3;2016;455;2415;;
Restoration;semidecidua;1D;6;2;;35.5;80;3;;;;arv;NA;;;vale; ind 167;;21;3;2016;455;2416;;
Restoration;semidecidua;1D;6;2;;;;;;7;;arv(galho);;;;vale;de arv;;21;3;2016;455;2417;;
Restoration;semidecidua;1D;6;3;;;;;;;;;;;;vale;;;21;3;2016;455;2418;;
Restoration;semidecidua;1D;14;1;;;;;;;;;;;;vale;;;21;3;2016;455;2419;;
Restoration;semidecidua;1D;14;2;;;;;;3;1;arv(galho);;;;vale;de arv;;21;3;2016;455;2420;;
Restoration;semidecidua;1D;14;3;;;;;;;;;;;;vale;;;21;3;2016;455;2421;;
Restoration;semidecidua;2A;38;1;;;;;;;;;;;;vale;;;21;3;2016;455;2422;;
Restoration;semidecidua;2A;38;2;;;;;;0;;;;;;vale;;;21;3;2016;455;2423;;
Restoration;semidecidua;2A;38;3;;;;;;;;;;;;vale;;;21;3;2016;455;2424;;
Restoration;semidecidua;2A;46;1;;;;;;;;;;;;vale;;;21;3;2016;455;2425;;
Restoration;semidecidua;2A;46;2;;;;;;0;;;;;;vale;;;21;3;2016;455;2426;;
Restoration;semidecidua;2A;46;3;;;;;;;;;;;;vale;;;21;3;2016;455;2427;;
Restoration;semidecidua;2B;22;1;;;;;;;;;;;;vale;;;21;3;2016;455;2428;;
Restoration;semidecidua;2B;22;2;;;;;;6;;arv(galho);;;;vale;de arv;;21;3;2016;455;2429;;
Restoration;semidecidua;2B;22;3;;;;;;;;;;;;vale;;;21;3;2016;455;2430;;
Restoration;semidecidua;2B;30;1;;;;;;;;;;;;vale;;;21;3;2016;455;2431;;
Restoration;semidecidua;2B;30;2;;;;;;1;;arv(galho);;;;vale;de arv;;21;3;2016;455;2432;;
Restoration;semidecidua;2B;30;3;;;;;;;;;;;;vale;;;21;3;2016;455;2433;;
Restoration;semidecidua;2C;6;1;;38.4;20;2;;;;arv(galho);;;;vale;de arv. Caule sulcado. Não letal;;21;3;2016;455;2434;;
Restoration;semidecidua;2C;6;2;;;;;;10;;arv(galho);;;;vale;de arv;;21;3;2016;455;2435;;
Restoration;semidecidua;2C;6;3;;;;;;;;;;;;vale;;;21;3;2016;455;2436;;
Restoration;semidecidua;2C;14;1;;;;;;;;;;;;vale;;;21;3;2016;455;2437;;
Restoration;semidecidua;2C;14;2;;;;;;3;;arv(galho);;;;vale;de arv;;21;3;2016;455;2438;;
Restoration;semidecidua;2C;14;3;;;;;;;;;;;;vale;;;21;3;2016;455;2439;;
Restoration;semidecidua;2D;6;1;;;;;;;;;;;;vale;;;21;3;2016;455;2440;;
Restoration;semidecidua;2D;6;2;;;;;;12;;arv(galho);;;;vale;de arv;;21;3;2016;455;2441;;
Restoration;semidecidua;2D;6;3;;;;;;;;;;;;vale;;;21;3;2016;455;2442;;
Restoration;semidecidua;2D;14;1;;;;;;;;;;;;vale;;;21;3;2016;455;2443;;
Restoration;semidecidua;2D;14;2;;;;;;0;;;;;;vale;;;21;3;2016;455;2444;;
Restoration;semidecidua;2D;14;3;;;;;;;;;;;;vale;;;21;3;2016;455;2445;;
Restoration;semidecidua;3A;38;1;;;;;;;;;;;;vale;;;21;3;2016;455;2446;;
Restoration;semidecidua;3A;38;2;;;;;;5;1;arv(galho);;;;vale;de arv;;21;3;2016;455;2447;;
Restoration;semidecidua;3A;38;3;;45;30;4;;;;arv;NA;;;vale;indiv 156;;21;3;2016;455;2448;;
Restoration;semidecidua;3A;46;1;;;;;;;;;;;;vale;;;21;3;2016;455;2449;;
Restoration;semidecidua;3A;46;2;;45;10;5;;;;arv;NA;;;vale;indiv 433;;21;3;2016;455;2450;;
Restoration;semidecidua;3A;46;2;;;;;;15;;arv(galho);;;;vale;de arv;;21;3;2016;455;2451;;
Restoration;semidecidua;3A;46;2;;;;2;;1;;arv(galho);;;;vale;de arv;;21;3;2016;455;2452;;
Restoration;semidecidua;3A;46;3;;;;;;;;;;;;vale;;;21;3;2016;455;2453;;
Restoration;semidecidua;3B;22;1;;;;;;;;;;;;vale;;;21;3;2016;455;2454;;
Restoration;semidecidua;3B;22;2;;;;;;7;1;arv(galho);;;;vale;de arv;;21;3;2016;455;2455;;
Restoration;semidecidua;3B;22;3;;39;25;5;;;;arv;NA;;;vale;ind 157;;21;3;2016;455;2456;;
Restoration;semidecidua;3B;22;3;;36.3;80;2;;;;arv(galho);;;;vale;de arv 158;;21;3;2016;455;2457;;
Restoration;semidecidua;3B;30;1;;;;;;;;;;;;vale;;;21;3;2016;455;2458;;
Restoration;semidecidua;3B;30;2;;;;;;8;2;arv(galho);;;;vale;de arv;;21;3;2016;455;2459;;
Restoration;semidecidua;3B;30;3;;;;;;;;;;;;vale;;;21;3;2016;455;2460;;
Restoration;semidecidua;3C;6;1;;;;;;;;;;;;vale;;;21;3;2016;455;2461;;
Restoration;semidecidua;3C;6;2;;;;;;5;;arv(galho);;;;vale;de arv;;21;3;2016;455;2462;;
Restoration;semidecidua;3C;6;3;;34.5;60;4;;;;arv;NA;;;vale;;;21;3;2016;455;2463;;
Restoration;semidecidua;3C;14;1;;;;;;;;;;;;vale;;;21;3;2016;455;2464;;
Restoration;semidecidua;3C;14;2;;;;;;7;1;arv(galho);;;;vale;de arv;;21;3;2016;455;2465;;
Restoration;semidecidua;3C;14;3;;;;;;;;;;;;vale;;;21;3;2016;455;2466;;
Restoration;semidecidua;3D;6;1;;;;;;;;;;;;vale;;;21;3;2016;455;2467;;
Restoration;semidecidua;3D;6;2;;;;;;6;;arv(galho);;;;vale;de arv;;21;3;2016;455;2468;;
Restoration;semidecidua;3D;6;3;;45.4;10;3;;;;arv;NA;;;vale;ind 186;;21;3;2016;455;2469;;
Restoration;semidecidua;3D;6;3;;38.4;90;3;;;;arv(galho);NA;;;vale;de arv 186;;21;3;2016;455;2470;;
Restoration;semidecidua;3D;6;3;;37.1;110;2;;;;arv(galho);;;;vale;de arv 187;;21;3;2016;455;2471;;
Restoration;semidecidua;3D;14;1;;;;;;;;;;;;vale;;;21;3;2016;455;2472;;
Restoration;semidecidua;3D;14;2;;34.6;200;2;;;;arv;;;;vale;;;21;3;2016;455;2473;;
Restoration;semidecidua;3D;14;2;;;;;;4;3;arv(galho);;;;vale;de arv;;21;3;2016;455;2474;;
Restoration;semidecidua;3D;14;3;;;;;;;;;;;;vale;;;21;3;2016;455;2475;;
Restoration;semidecidua;1A;34;1;;;;;;;;;;;;vale;;;8;3;2017;455;3163;;
Restoration;semidecidua;1A;34;2;;;;3;;;1;arv(galho);NA;;;vale;;;8;3;2017;455;3164;;
Restoration;semidecidua;1A;34;2;;;;3;;2;;arv(galho);NA;;;vale;;;8;3;2017;455;3165;;
Restoration;semidecidua;1A;34;2;;;;4;;2;;arv(galho);branca;;;vale;;;8;3;2017;455;3166;;
Restoration;semidecidua;1A;34;3;;;;;;;;;;;;vale;;;8;3;2017;455;3167;;
Restoration;semidecidua;1A;42;1;;;;;;;;;;;;vale;;;8;3;2017;455;3168;;
Restoration;semidecidua;1A;42;2;;;;5;;;1;arv(galho);mista;;;vale;;;8;3;2017;455;3169;;
Restoration;semidecidua;1A;42;2;;;;3;;4;;arv(galho);NA;;;vale;;;8;3;2017;455;3170;;
Restoration;semidecidua;1A;42;2;;;;4;;1;;arv(galho);mista;;;vale;;;8;3;2017;455;3171;;
Restoration;semidecidua;1A;42;3;;;;;;;;;;;;vale;;;8;3;2017;455;3172;;
Restoration;semidecidua;1B;18;1;;;;;;;;;;;;vale;;;8;3;2017;455;3173;;
Restoration;semidecidua;1B;18;2;;;;4;;2;;arv(galho);branca;;;vale;;;8;3;2017;455;3174;;
Restoration;semidecidua;1B;18;3;;;;;;;;;;;;vale;;;8;3;2017;455;3175;;
Restoration;semidecidua;1B;26;1;;35.5;70;3;;;;arv;NA;;;vale;;;8;3;2017;455;3176;;
Restoration;semidecidua;1B;26;2;;;;;;0;;;;;;vale;;;8;3;2017;455;3177;;
Restoration;semidecidua;1B;26;3;;;;;;;;;;;;vale;;;8;3;2017;455;3178;;
Restoration;semidecidua;1C;18;1;;;;;;;;;;;;vale;;;8;3;2017;455;3179;;
Restoration;semidecidua;1C;18;2;;;;1;;1;;arv(galho);;;;vale;;;8;3;2017;455;3180;;
Restoration;semidecidua;1C;18;2;;;;2;;1;;arv(galho);;;;vale;;;8;3;2017;455;3181;;
Restoration;semidecidua;1C;18;2;;;;3;;3;;arv(galho);NA;;;vale;;;8;3;2017;455;3182;;
Restoration;semidecidua;1C;18;2;;;;4;;1;;arv(galho);mista;;;vale;;;8;3;2017;455;3183;;
Restoration;semidecidua;1C;18;2;;;;5;;1;;arv(galho);branca;;;vale;;;8;3;2017;455;3184;;
Restoration;semidecidua;1C;18;3;;;;;;;;;;;;vale;;;8;3;2017;455;3185;;
Restoration;semidecidua;1C;26;1;;;;;;;;;;;;vale;;;8;3;2017;455;3186;;
Restoration;semidecidua;1C;26;2;;;;4;;1;;arv(galho);mista;;;vale;;;8;3;2017;455;3187;;
Restoration;semidecidua;1C;26;2;;;;3;;1;;arv(galho);;;;vale;;;8;3;2017;455;3188;;
Restoration;semidecidua;1C;26;3;;;;;;;;;;;;vale;;;8;3;2017;455;3189;;
Restoration;semidecidua;1D;2;1;;;;;;;;;;;;vale;;;8;3;2017;455;3190;;
Restoration;semidecidua;1D;2;2;;;;3;;5;;arv(galho);NA;;;vale;;;8;3;2017;455;3191;;
Restoration;semidecidua;1D;2;2;;;;2;;3;;arv(galho);;;;vale;;;8;3;2017;455;3192;;
Restoration;semidecidua;1D;2;2;;;;4;;2;;arv(galho);branca;;;vale;;;8;3;2017;455;3193;;
Restoration;semidecidua;1D;2;3;;41.1;5;2;;;;arv;;;;vale;;;8;3;2017;455;3194;;
Restoration;semidecidua;1D;10;1;;;;;;;;;;;;vale;;;8;3;2017;455;3195;;
Restoration;semidecidua;1D;10;2;;;;3;;;1;arv(galho);NA;;;vale;;;8;3;2017;455;3196;;
Restoration;semidecidua;1D;10;2;;;;1;;2;;arv(galho);;;;vale;;;8;3;2017;455;3197;;
Restoration;semidecidua;1D;10;2;;;;3;;3;;arv(galho);NA;;;vale;;;8;3;2017;455;3198;;
Restoration;semidecidua;1D;10;2;;;;2;;2;;arv(galho);;;;vale;;;8;3;2017;455;3199;;
Restoration;semidecidua;1D;10;3;;;;;;;;;;;;vale;;;8;3;2017;455;3200;;
Restoration;semidecidua;2A;34;1;;;;;;;;;;;;vale;;;8;3;2017;455;3201;;
Restoration;semidecidua;2A;34;1;;;;;;;;;;;;vale;;;8;3;2017;455;3202;;
Restoration;semidecidua;2A;34;2;;;;5;;3;;arv(galho);NA;;;vale;;;8;3;2017;455;3203;;
Restoration;semidecidua;2A;34;3;;;;;;;;;;;;vale;;;8;3;2017;455;3204;;
Restoration;semidecidua;2A;42;2;;;;2;;1;;arv(galho);;;;vale;;;8;3;2017;455;3205;;
Restoration;semidecidua;2A;42;2;;;;3;;3;1;arv(galho);NA;;;vale;;;8;3;2017;455;3206;;
Restoration;semidecidua;2A;42;3;;;;;;;;;;;;vale;entre parcelas 2A e 3A está a comeia de abelha.;;8;3;2017;455;3207;;
Restoration;semidecidua;2B;18;1;;;;;;;;;;;;vale;;;8;3;2017;455;3208;;
Restoration;semidecidua;2B;18;2;;;;3;;2;;arv(galho);NA;;;vale;;;8;3;2017;455;3209;;
Restoration;semidecidua;2B;18;2;;;;4;;1;;arv(galho);mista;;;vale;;;8;3;2017;455;3210;;
Restoration;semidecidua;2B;18;3;;;;;;;;;;;;vale;;;8;3;2017;455;3211;;
Restoration;semidecidua;2B;26;1;;;;;;;;;;;;vale;;;8;3;2017;455;3212;;
Restoration;semidecidua;2B;26;2;;;;2;;3;;arv(galho);;;;vale;;;8;3;2017;455;3213;;
Restoration;semidecidua;2B;26;2;;;;3;;1;;arv(galho);NA;;;vale;;;8;3;2017;455;3214;;
Restoration;semidecidua;2B;26;2;;;;4;;1;;arv(galho);branca;;;vale;;;8;3;2017;455;3215;;
Restoration;semidecidua;2B;26;3;;;;;;;;;;;;vale;;;8;3;2017;455;3216;;
Restoration;semidecidua;2C;2;1;;44;10;5;;;;arv;branca;;;vale;;;8;3;2017;455;3217;;
Restoration;semidecidua;2C;2;2;;;;3;;;1;arv(galho);NA;;;vale;;;8;3;2017;455;3218;;
Restoration;semidecidua;2C;2;2;;;;2;;1;;arv(galho);;;;vale;;;8;3;2017;455;3219;;
Restoration;semidecidua;2C;2;2;;;;3;;2;;arv(galho);NA;;;vale;;;8;3;2017;455;3220;;
Restoration;semidecidua;2C;2;2;;;;4;;1;;arv(galho);branca;;;vale;;;8;3;2017;455;3221;;
Restoration;semidecidua;2C;2;3;;;;;;;;;;;;vale;;;8;3;2017;455;3222;;
Restoration;semidecidua;2C;10;1;;33;0;2;;;;arv;;;;vale;;;8;3;2017;455;3223;;
Restoration;semidecidua;2C;10;2;;;;3;;;1;arv(galho);NA;;;vale;;;8;3;2017;455;3224;;
Restoration;semidecidua;2C;10;2;;;;2;;3;;arv(galho);;;;vale;;;8;3;2017;455;3225;;
Restoration;semidecidua;2C;10;2;;;;3;;4;;arv(galho);NA;;;vale;;;8;3;2017;455;3226;;
Restoration;semidecidua;2C;10;2;;;;4;;2;;arv(galho);branca;;;vale;;;8;3;2017;455;3227;;
Restoration;semidecidua;2C;10;2;;;;5;;1;;arv(galho);branca;;;vale;;;8;3;2017;455;3228;;
Restoration;semidecidua;2C;10;3;;;;;;;;;;;;vale;;;8;3;2017;455;3229;;
Restoration;semidecidua;2D;2;1;;;;;;;;;;;;vale;;;8;3;2017;455;3230;;
Restoration;semidecidua;2D;2;2;;;;1;;1;;arv(galho);;;;vale;;;8;3;2017;455;3231;;
Restoration;semidecidua;2D;2;2;;;;2;;2;;arv(galho);;;;vale;;;8;3;2017;455;3232;;
Restoration;semidecidua;2D;2;2;;;;4;;1;;arv(galho);mista;;;vale;;;8;3;2017;455;3233;;
Restoration;semidecidua;2D;2;3;;36;190;4;;;;arv;mista;;;vale;arv;;8;3;2017;455;3234;;
Restoration;semidecidua;2D;10;1;;;;;;;;;;;;vale;;;8;3;2017;455;3235;;
Restoration;semidecidua;2D;10;2;;;;2;;;1;arv(galho);;;;vale;;;8;3;2017;455;3236;;
Restoration;semidecidua;2D;10;2;;;;1;;3;;arv(galho);;;;vale;;;8;3;2017;455;3237;;
Restoration;semidecidua;2D;10;2;;;;2;;1;;arv(galho);;;;vale;;;8;3;2017;455;3238;;
Restoration;semidecidua;2D;10;2;;;;3;;4;;arv(galho);NA;;;vale;;;8;3;2017;455;3239;;
Restoration;semidecidua;2D;10;2;;;;4;;1;;arv(galho);branca;;;vale;;;8;3;2017;455;3240;;
Restoration;semidecidua;2D;10;3;;;;;;;;;;;;vale;;;8;3;2017;455;3241;;
Restoration;semidecidua;3A;34;1;;35.8;350;2;;;;arv;;;;vale;;;8;3;2017;455;3242;;
Restoration;semidecidua;3A;34;2;;;;2;;1;;arv(galho);;;;vale;;;8;3;2017;455;3243;;
Restoration;semidecidua;3A;34;2;;;;3;;1;;arv(galho);NA;;;vale;;;8;3;2017;455;3244;;
Restoration;semidecidua;3A;34;3;;47;250;5;;;;arv;branca;;;vale;;;8;3;2017;455;3245;;
Restoration;semidecidua;3A;42;1;;;;;;;;;;;;vale;;;8;3;2017;455;3246;;
Restoration;semidecidua;3A;42;2;;;;4;;1;1;arv(galho);branca;;;vale;;;8;3;2017;455;3247;;
Restoration;semidecidua;3A;42;2;;;;2;;2;;arv(galho);;;;vale;;;8;3;2017;455;3248;;
Restoration;semidecidua;3A;42;2;;;;3;;2;;arv(galho);NA;;;vale;;;8;3;2017;455;3249;;
Restoration;semidecidua;3A;42;2;;;;;;;;;;;;vale;;;8;3;2017;455;3250;;
Restoration;semidecidua;3A;42;3;;;;;;;;;;;;vale;;;8;3;2017;455;3251;;
Restoration;semidecidua;3B;18;1;;;;;;;;;;;;vale;;;8;3;2017;455;3252;;
Restoration;semidecidua;3B;18;2;;;;2;;1;;arv(galho);;;;vale;;;8;3;2017;455;3253;;
Restoration;semidecidua;3B;18;2;;;;3;;2;;arv(galho);NA;;;vale;;;8;3;2017;455;3254;;
Restoration;semidecidua;3B;18;3;;33.5;350;4;;;;arv;branca;;;vale;;;8;3;2017;455;3255;;
Restoration;semidecidua;3B;18;3;;39;190;3;;;;arv;NA;;;vale;mesma arv;;8;3;2017;455;3257;;
Restoration;semidecidua;3B;26;1;;;;;;;;;;;;vale;;;8;3;2017;455;3258;;
Restoration;semidecidua;3B;26;2;;42;220;2;;;;arv;;;;vale;;;8;3;2017;455;3259;;
Restoration;semidecidua;3B;26;2;;;;2;;;2;arv(galho);;;;vale;;;8;3;2017;455;3260;;
Restoration;semidecidua;3B;26;2;;;;1;;3;;arv(galho);;;;vale;;;8;3;2017;455;3261;;
Restoration;semidecidua;3B;26;2;;;;2;;4;;arv(galho);;;;vale;;;8;3;2017;455;3262;;
Restoration;semidecidua;3B;26;2;;;;3;;1;;arv(galho);NA;;;vale;;;8;3;2017;455;3263;;
Restoration;semidecidua;3B;26;2;;;;5;;2;;arv(galho);branca;;;vale;;;8;3;2017;455;3264;;
Restoration;semidecidua;3B;26;3;;;;;;;;;;;;vale;;;8;3;2017;455;3265;;
Restoration;semidecidua;3C;2;1;;;;;;;;;;;;vale;;;8;3;2017;455;3266;;
Restoration;semidecidua;3C;2;2;;40;160;4;;;;arv;branca;;;vale;mesma arv;;8;3;2017;455;3267;;
Restoration;semidecidua;3C;2;2;;;;3;;5;2;arv(galho);NA;;;vale;;;8;3;2017;455;3268;;
Restoration;semidecidua;3C;2;2;;;;2;;4;;arv(galho);;;;vale;;;8;3;2017;455;3269;;
Restoration;semidecidua;3C;2;2;;;;4;;1;;arv(galho);branca;;;vale;;;8;3;2017;455;3270;;
Restoration;semidecidua;3C;2;2;;;;;;;;;;;;vale;;;8;3;2017;455;3271;;
Restoration;semidecidua;3C;2;3;;35;260;4;;;;arv;branca;;;vale;mesma arv;;8;3;2017;455;3272;;
Restoration;semidecidua;3C;2;3;;44;210;5;;;;arv;branca;;;vale;mesma arv;;8;3;2017;455;3273;;
Restoration;semidecidua;3C;10;1;;;;;;;;;;;;vale;;;8;3;2017;455;3274;;
Restoration;semidecidua;3C;10;2;;;;5;;;1;arv(galho);branca;;;vale;;;8;3;2017;455;3275;;
Restoration;semidecidua;3C;10;2;;;;3;;2;;arv(galho);NA;;;vale;;;8;3;2017;455;3276;;
Restoration;semidecidua;3C;10;2;;;;4;;1;;arv(galho);branca;;;vale;;;8;3;2017;455;3277;;
Restoration;semidecidua;3C;10;3;;;;;;;;;;;;vale;;;8;3;2017;455;3278;;
Restoration;semidecidua;3D;2;1;;;;;;;;;;;;vale;;;8;3;2017;455;3279;;
Restoration;semidecidua;3D;2;2;;;;3;;3;;arv(galho);NA;;;vale;;;8;3;2017;455;3280;;
Restoration;semidecidua;3D;2;2;;;;4;;3;;arv(galho);mista;;;vale;;;8;3;2017;455;3281;;
Restoration;semidecidua;3D;2;3;;;;;;;;;;;;vale;;;8;3;2017;455;3282;;
Restoration;semidecidua;3D;10;1;;;;;;;;;;;;vale;;;8;3;2017;455;3283;;
Restoration;semidecidua;3D;10;2;;;;5;;;1;arv(galho);branca;;;vale;;;8;3;2017;455;3284;;
Restoration;semidecidua;3D;10;2;;;;4;;1;;arv(galho);branca;;;vale;;;8;3;2017;455;3285;;
Restoration;semidecidua;3D;10;3;;;;;;;;;;;;vale;;;8;3;2017;455;3286;;
Restoration;semidecidua;3C;2;3;;32.7;240;4;;0;0;arv;branca;73;40;vale;;;26;4;2018;455;4390;42.1;16.8
Restoration;semidecidua;3C;2;3;;36.5;170;4;;0;0;arv;branca;180;95;vale;;;26;4;2018;455;4391;24;25.5
Restoration;semidecidua;3C;2;2;;8.9;120;2;;1;0;arv(galho);;190;174;vale;;;26;4;2018;455;4392;11.8;6.3
Restoration;semidecidua;3C;2;2;;6.4;110;3;;1;0;arv(galho);NA;60;30;vale;;;26;4;2018;455;4393;6.3;7.2
Restoration;semidecidua;3C;2;2;;7.7;120;4;;1;0;arv(galho);marrom;46;28;vale;;;26;4;2018;455;4394;8.7;8.7
Restoration;semidecidua;3C;2;2;;8.9;260;4;;1;0;arv(galho);branca;12;6;vale;;;26;4;2018;455;4395;9.1;7.8
Restoration;semidecidua;3C;2;2;;9.2;210;4;;1;0;arv(galho);branca;55;27;vale;;;26;4;2018;455;4396;10.7;8.9
Restoration;semidecidua;3C;2;2;;7.1;80;5;;1;0;arv(galho);marrom;84;51;vale;;;26;4;2018;455;4397;6.9;7
Restoration;semidecidua;3C;2;2;;7.8;70;5;;1;0;arv(galho);branca;60;45;vale;;;26;4;2018;455;4398;7;7
Restoration;semidecidua;3C;2;2;;8.1;80;3;;1;0;arv(galho);branca;110;90;vale;;;26;4;2018;455;4399;6.6;8
Restoration;semidecidua;3C;2;2;;8.2;30;4;;1;0;arv(galho);branca;197;100;vale;;;26;4;2018;455;4400;10.4;6.9
Restoration;semidecidua;3C;2;2;;10.3;20;3;;1;0;arv(galho);branca;260;111;vale;;;26;4;2018;455;4401;12.4;7
Restoration;semidecidua;3C;2;2;;6.8;330;1;;1;0;arv(galho);;270;210;vale;;;26;4;2018;455;4402;12.1;6.3
Restoration;semidecidua;3C;2;1;;;;;;0;0;;;;;vale;;;26;4;2018;455;4403;;
Restoration;semidecidua;2C;2;3;;;;;;0;0;;;;;vale;;;26;4;2018;455;4404;;
Restoration;semidecidua;2C;2;2;;22.1;10;2;;0;1;arv;;390;160;vale;;;26;4;2018;455;4405;31.4;16
Restoration;semidecidua;2C;2;2;;8;330;2;;1;0;arv(galho);;43;5;vale;;;26;4;2018;455;4406;8;6.3
Restoration;semidecidua;2C;2;2;;11.3;70;3;;1;0;arv(galho);branca;53;50;vale;;;26;4;2018;455;4407;16.8;11.2
Restoration;semidecidua;2C;2;2;;21.7;170;4;;0;1;arv(galho);branca;122;98;vale;;;26;4;2018;455;4408;18.9;25.5
Restoration;semidecidua;2C;2;2;;12.6;10;4;;1;0;arv(galho);mista;208;124;vale;;;26;4;2018;455;4409;14.3;12
Restoration;semidecidua;2C;2;1;;50;90;4;;0;0;arv;branca;215;20;vale;;;26;4;2018;455;4410;50.1;46.7
Restoration;semidecidua;2C;2;1;;31.9;100;3;;0;0;arv(galho);branca;120;40;vale;;;26;4;2018;455;4411;27;27.2
Restoration;semidecidua;1D;2;3;;38.5;190;3;;0;0;arv;mista;590;250;vale;;;26;4;2018;455;4412;41;31.9
Restoration;semidecidua;1D;2;2;;12.8;240;3;;1;0;arv(galho);branca;120;56;vale;;;26;4;2018;455;4413;16.7;12.5
Restoration;semidecidua;1D;2;2;;15.6;320;4;;1;0;arv(galho);mista;197;77;vale;;;26;4;2018;455;4414;16.6;8.3
Restoration;semidecidua;1D;2;2;;7.4;80;3;;1;0;arv(galho);branca;46;20;vale;;;26;4;2018;455;4415;8.1;7.7
Restoration;semidecidua;1D;2;2;;7.5;220;3;;1;0;arv(galho);NA;135;55;vale;;;26;4;2018;455;4416;8.8;6.7
Restoration;semidecidua;1D;2;2;;7.5;110;3;;1;0;arv(galho);NA;246;200;vale;;;26;4;2018;455;4417;10.9;6.3
Restoration;semidecidua;1D;2;2;;10.5;90;3;;1;0;arv(galho);NA;200;93;vale;;;26;4;2018;455;4418;15.7;6.3
Restoration;semidecidua;1D;2;2;;6.3;90;2;;1;0;arv(galho);;217;201;vale;;;26;4;2018;455;4419;10.1;6.3
Restoration;semidecidua;1D;2;2;;8.7;80;2;;1;0;arv(galho);;262;250;vale;;;26;4;2018;455;4420;10.6;6.8
Restoration;semidecidua;1D;2;2;;8.2;60;3;;1;0;arv(galho);branca;120;15;vale;;;26;4;2018;455;4421;9.9;6.3
Restoration;semidecidua;1D;2;2;;8.6;110;2;;1;0;arv(galho);;345;150;vale;;;26;4;2018;455;4422;14.3;6.3
Restoration;semidecidua;1D;2;2;;10.5;70;4;;1;0;arv(galho);NA;15;5;vale;;;26;4;2018;455;4423;11.2;10
Restoration;semidecidua;1D;2;2;;7.8;210;1;;1;0;arv(galho);;90;30;vale;;;26;4;2018;455;4424;8.1;6.3
Restoration;semidecidua;1D;2;1;;;;;;0;0;;;;;vale;;;26;4;2018;455;4425;;
Restoration;semidecidua;2D;2;3;;;;;;0;0;;;;;vale;;;26;4;2018;455;4426;;
Restoration;semidecidua;2D;2;2;;8.8;210;1;;1;0;arv(galho);;93;60;vale;mesmo galho;;26;4;2018;455;4427;14.1;9
Restoration;semidecidua;2D;2;2;;10.3;150;1;;1;0;arv(galho);;195;93;vale;mesmo galho;;26;4;2018;455;4428;14.1;8.3
Restoration;semidecidua;2D;2;2;;19.1;10;4;;0;1;arv(galho);branca;94;60;vale;;;26;4;2018;455;4429;22.5;18.7
Restoration;semidecidua;2D;2;2;;9.7;0;3;;1;0;arv(galho);NA;25;12;vale;;;26;4;2018;455;4430;8.9;6.3
Restoration;semidecidua;2D;2;1;;;;;;0;0;;;;;vale;;;26;4;2018;455;4431;;
Restoration;semidecidua;3D;2;3;;;;;;0;0;;;;;vale;;;26;4;2018;455;4432;;
Restoration;semidecidua;3D;2;2;;7.2;80;2;;1;0;arv(galho);;105;90;vale;;;26;4;2018;455;4433;8.4;7.2
Restoration;semidecidua;3D;2;2;;16.8;70;3;;0;1;arv;NA;60;30;vale;;;26;4;2018;455;4434;20.9;16
Restoration;semidecidua;3D;2;2;;12.4;230;2;;1;0;arv(galho);;325;150;vale;;;26;4;2018;455;4435;14.7;10.5
Restoration;semidecidua;3D;2;2;;12.7;210;2;;1;0;arv(galho);;145;10;vale;;;26;4;2018;455;4436;14.9;6.9
Restoration;semidecidua;3D;2;2;;13.1;200;2;;1;0;arv(galho);;25;10;vale;;;26;4;2018;455;4437;13.3;12.5
Restoration;semidecidua;3D;2;1;;;;;;0;0;;;;;vale;;;26;4;2018;455;4438;;
Restoration;semidecidua;3D;10;1;;;;;;0;0;;;;;vale;;;26;4;2018;455;4439;;
Restoration;semidecidua;3D;10;2;;12.5;260;2;;1;0;arv(galho);;160;25;vale;;;26;4;2018;455;4440;12.9;7
Restoration;semidecidua;3D;10;2;;8.2;80;4;;1;0;arv(galho);NA;56;53;vale;;;26;4;2018;455;4441;8.8;8.2
Restoration;semidecidua;3D;10;2;;6.8;320;2;;1;0;arv(galho);;78;77;vale;;;26;4;2018;455;4442;7.9;7.4
Restoration;semidecidua;3D;10;2;;7.6;280;3;;1;0;arv(galho);NA;102;82;vale;;;26;4;2018;455;4443;7.9;7
Restoration;semidecidua;3D;10;2;;11.3;230;3;;1;0;arv(galho);NA;85;78;vale;;;26;4;2018;455;4444;14.1;12.2
Restoration;semidecidua;3D;10;3;;;;;;0;0;;;;;vale;;;26;4;2018;455;4445;;
Restoration;semidecidua;2D;10;1;;;;;;0;0;;;;;vale;;;26;4;2018;455;4446;;
Restoration;semidecidua;2D;10;2;;7.2;200;3;;1;0;arv(galho);NA;124;77;vale;;;26;4;2018;455;4447;8.7;7.9
Restoration;semidecidua;2D;10;2;;8.5;190;2;;1;0;arv(galho);;270;210;vale;;;26;4;2018;455;4448;15.3;7.5
Restoration;semidecidua;2D;10;2;;7.2;190;3;;1;0;arv(galho);NA;71;40;vale;;;26;4;2018;455;4449;8;7.3
Restoration;semidecidua;2D;10;2;;24.6;150;2;;0;1;arv;;330;150;vale;;;26;4;2018;455;4450;27.7;15.5
Restoration;semidecidua;2D;10;2;;11.3;330;2;;1;0;arv(galho);;580;160;vale;;;26;4;2018;455;4451;14;6.3
Restoration;semidecidua;2D;10;2;;6.6;160;1;;1;0;arv(galho);;64;63;vale;;;26;4;2018;455;4452;7.1;6.6
Restoration;semidecidua;2D;10;3;;;;;;0;0;;;;;vale;;;26;4;2018;455;4453;;
Restoration;semidecidua;1D;10;1;;;;;;0;0;;;;;vale;;;26;4;2018;455;4454;;
Restoration;semidecidua;1D;10;2;;8.3;270;3;;1;0;arv(galho);NA;128;96;vale;;;26;4;2018;455;4455;9.2;8.2
Restoration;semidecidua;1D;10;2;;7;310;3;;1;0;arv(galho);NA;105;77;vale;;;26;4;2018;455;4456;8.4;6.6
Restoration;semidecidua;1D;10;2;;6.4;210;3;;1;0;arv(galho);NA;11;9;vale;;;26;4;2018;455;4457;6.4;6.3
Restoration;semidecidua;1D;10;2;;6.8;270;3;;1;0;arv(galho);NA;110;99;vale;;;26;4;2018;455;4458;8.1;6.6
Restoration;semidecidua;1D;10;2;;8.8;0;3;;1;0;arv(galho);NA;77;9;vale;;;26;4;2018;455;4459;9.1;7.6
Restoration;semidecidua;1D;10;2;;8.8;290;3;;1;0;arv(galho);NA;77;51;vale;;;26;4;2018;455;4460;10.1;7.9
Restoration;semidecidua;1D;10;2;;24.6;340;4;;0;1;arv;NA;330;58;vale;;;26;4;2018;455;4461;24.9;19.7
Restoration;semidecidua;1D;10;2;;7.2;350;1;;1;0;arv(galho);;112;98;vale;;;26;4;2018;455;4462;7.8;6.3
Restoration;semidecidua;1D;10;2;;7.5;30;4;;1;0;arv(galho);NA;53;38;vale;;;26;4;2018;455;4463;8.2;7.5
Restoration;semidecidua;1D;10;3;;;;;;0;0;;;;;vale;;;26;4;2018;455;4464;;
Restoration;semidecidua;2C;10;1;;32.9;290;2;;0;0;arv;;510;450;vale;;;26;4;2018;455;4465;53;31.2
Restoration;semidecidua;2C;10;2;;10.7;150;4;;1;0;arv(galho);NA;180;40;vale;;;26;4;2018;455;4466;10.7;7.2
Restoration;semidecidua;2C;10;2;;16.8;195;4;;0;1;arv(galho);NA;193;190;vale;FOTO;;26;4;2018;455;4467;22.3;16
Restoration;semidecidua;2C;10;2;;10.7;310;3;;1;0;arv(galho);NA;314;270;vale;;;26;4;2018;455;4468;19.4;8.1
Restoration;semidecidua;2C;10;2;;14.8;30;2;;1;0;arv(galho);;160;16;vale;;;26;4;2018;455;4469;16;9.2
Restoration;semidecidua;2C;10;2;;13.4;350;2;;1;0;arv(galho);;370;180;vale;;;26;4;2018;455;4470;15.4;9.5
Restoration;semidecidua;2C;10;2;;10.7;80;4;;1;0;arv(galho);NA;54;14;vale;;;26;4;2018;455;4471;12.1;7.1
Restoration;semidecidua;2C;10;2;;8.5;240;2;;1;0;arv(galho);;120;30;vale;;;26;4;2018;455;4472;9.3;6.9
Restoration;semidecidua;2C;10;2;;6.9;205;3;;1;0;arv(galho);NA;38;33;vale;;;26;4;2018;455;4473;8.1;6.9
Restoration;semidecidua;2C;10;2;;9.6;65;3;;1;0;arv(galho);NA;47;26;vale;;;26;4;2018;455;4474;10.3;8.1
Restoration;semidecidua;2C;10;2;;8.6;350;2;;1;0;arv(galho);;102;15;vale;;;26;4;2018;455;4475;9.2;7.2
Restoration;semidecidua;2C;10;3;;;;;;0;0;;;;;vale;;;26;4;2018;455;4476;;
Restoration;semidecidua;3C;10;1;;;;;;0;0;;;;;vale;;;26;4;2018;455;4477;;
Restoration;semidecidua;3C;10;2;;6.4;100;1;;1;0;arv(galho);;79;78;vale;;;26;4;2018;455;4478;7.2;6.3
Restoration;semidecidua;3C;10;2;;8.8;90;1;;1;0;arv(galho);;292;232;vale;;;26;4;2018;455;4479;11.1;6.3
Restoration;semidecidua;3C;10;2;;9.6;40;4;;1;0;arv(galho);branca;40;10;vale;;;26;4;2018;455;4480;9.6;6.7
Restoration;semidecidua;3C;10;2;;7.8;350;1;;1;0;arv(galho);;128;22;vale;;;26;4;2018;455;4481;8;6.3
Restoration;semidecidua;3C;10;2;;6.6;330;1;;1;0;arv(galho);;60;50;vale;;;26;4;2018;455;4482;7.2;6.3
Restoration;semidecidua;3C;10;2;;9;120;1;;1;0;arv(galho);;138;72;vale;;;26;4;2018;455;4483;9.2;6.3
Restoration;semidecidua;3C;10;2;;8.2;20;1;;1;0;arv(galho);;190;110;vale;;;26;4;2018;455;4484;8.9;6.9
Restoration;semidecidua;3C;10;3;;;;;;0;0;;;;;vale;;;26;4;2018;455;4485;;
Restoration;semidecidua;2B;18;3;;;;;;0;0;;;;;vale;;;26;4;2018;455;4486;;
Restoration;semidecidua;2B;18;2;;13.5;50;4;;1;0;arv(galho);mista;138;124;vale;;;26;4;2018;455;4487;45.9;11.2
Restoration;semidecidua;2B;18;2;;17.6;320;3;;0;1;arv(galho);NA;16;15;vale;;;26;4;2018;455;4488;18.5;17.6
Restoration;semidecidua;2B;18;2;;9;190;5;;1;0;arv(galho);branca;160;124;vale;;;26;4;2018;455;4489;15;7.5
Restoration;semidecidua;2B;18;2;;9.8;80;2;;1;0;arv(galho);;58;57;vale;;;26;4;2018;455;4490;9.8;9.8
Restoration;semidecidua;2B;18;1;;;;;;0;0;;;;;vale;;;26;4;2018;455;4491;;
Restoration;semidecidua;1B;18;3;;;;;;0;0;;;;;vale;;;26;4;2018;455;4492;;
Restoration;semidecidua;1B;18;2;;6.7;90;4;;1;0;arv(galho);mista;20;5;vale;;;26;4;2018;455;4493;6.7;6.3
Restoration;semidecidua;1B;18;2;;15.1;50;5;;1;0;arv(galho);branca;21;1;vale;;;26;4;2018;455;4494;15.1;14.1
Restoration;semidecidua;1B;18;1;;;;;;0;0;;;;;vale;;;26;4;2018;455;4495;;
Restoration;semidecidua;3B;18;3;;34;10;5;;0;0;arv;branca;114;59;vale;;;26;4;2018;455;4496;39;33
Restoration;semidecidua;3B;18;3;;32.9;170;3;;0;0;arv;branca;200;106;vale;;;26;4;2018;455;4497;44.3;32.9
Restoration;semidecidua;3B;18;2;;7.8;170;3;;1;0;arv(galho);branca;70;31;vale;;;26;4;2018;455;4498;9.2;7.6
Restoration;semidecidua;3B;18;2;;11.6;230;1;;1;0;arv(galho);;198;100;vale;;;26;4;2018;455;4499;12.1;6.3
Restoration;semidecidua;3B;18;2;;10.6;10;3;;1;0;arv(galho);branca;135;54;vale;;;26;4;2018;455;4500;14.4;9.8
Restoration;semidecidua;3B;18;2;;12.9;210;3;;1;0;arv(galho);branca;100;82;vale;;;26;4;2018;455;4501;12.9;12.2
Restoration;semidecidua;3B;18;2;;7.6;190;3;;1;0;arv(galho);branca;32;17;vale;;;26;4;2018;455;4502;7.8;6.5
Restoration;semidecidua;3B;18;1;;;;;;0;0;;;;;vale;;;26;4;2018;455;4503;;
Restoration;semidecidua;1C;18;3;;;;;;0;0;;;;;vale;FOTO No transecto 1C,18,2 havia duas peças (diam 2 a 5 cm) consumidas no interior, só restava casca (foto, GD4). Não foram incluidas na planilha porque o diam seria menor a 2 cm se a peças colapsarem.;;26;4;2018;455;4504;;
Restoration;semidecidua;1C;18;2;;10.1;10;1;;1;0;arv(galho);;450;160;vale;FOTO galho pendurado;;26;4;2018;455;4505;12.2;6.3
Restoration;semidecidua;1C;18;2;;7.7;230;3;;1;0;arv(galho);NA;56;56;vale;;;26;4;2018;455;4506;10;7.7
Restoration;semidecidua;1C;18;2;;8.9;240;4;;1;0;arv(galho);NA;NA;NA;vale;;;26;4;2018;455;4507;8.1;8.2
Restoration;semidecidua;1C;18;1;;;;;;0;0;;;;;vale;;;26;4;2018;455;4508;;
Restoration;semidecidua;1C;26;1;;;;;;0;0;;;;;vale;;;26;4;2018;455;4509;;
Restoration;semidecidua;1C;26;2;;7.5;130;3;;1;0;arv(galho);mista;270;255;vale;;;26;4;2018;455;4510;15.3;7.1
Restoration;semidecidua;1C;26;2;;8.7;90;3;;1;0;arv(galho);NA;86;30;vale;;;26;4;2018;455;4511;9.9;6.3
Restoration;semidecidua;1C;26;2;;6.6;290;1;;1;0;arv(galho);;150;132;vale;;;26;4;2018;455;4512;10.2;6.4
Restoration;semidecidua;1C;26;2;;11.7;10;4;;1;0;arv(galho);mista;303;173;vale;;;26;4;2018;455;4513;16.1;6.8
Restoration;semidecidua;1C;26;2;;16.4;350;3;;0;1;arv(galho);mista;237;190;vale;;;26;4;2018;455;4514;22.8;15.8
Restoration;semidecidua;1C;26;2;;9.8;270;2;;1;0;arv(galho);;224;150;vale;;;26;4;2018;455;4515;11.6;6.4
Restoration;semidecidua;1C;26;3;;;;;;0;0;;;;;vale;;;26;4;2018;455;4516;;
Restoration;semidecidua;2B;26;1;;;;;;0;0;;;;;vale;;;26;4;2018;455;4517;;
Restoration;semidecidua;2B;26;2;;7.1;60;3;;1;0;arv(galho);mista;150;92;vale;;;26;4;2018;455;4518;9.1;7
Restoration;semidecidua;2B;26;2;;28.8;230;3;;0;1;arv;branca;600;20;vale;;;26;4;2018;455;4519;30.8;15.5
Restoration;semidecidua;2B;26;2;;14.5;170;2;;1;0;arv(galho);;360;1;vale;;;26;4;2018;455;4520;14.5;6.3
Restoration;semidecidua;2B;26;2;;7.4;270;4;;1;0;arv(galho);mista;30;26;vale;;;26;4;2018;455;4521;7.4;7.2
Restoration;semidecidua;2B;26;2;;6.5;260;3;;1;0;arv(galho);NA;109;80;vale;;;26;4;2018;455;4522;8.8;6.3
Restoration;semidecidua;2B;26;3;;;;;;0;0;;;;;vale;;;26;4;2018;455;4523;;
Restoration;semidecidua;1B;26;1;;;;;;0;0;;;;;vale;;;26;4;2018;455;4524;;
Restoration;semidecidua;1B;26;2;;10.7;100;3;;1;0;arv(galho);mista;85;8;vale;;;26;4;2018;455;4525;10.7;9
Restoration;semidecidua;1B;26;2;;6.4;50;1;;1;0;arv(galho);;93;84;vale;;;26;4;2018;455;4526;8.5;6.3
Restoration;semidecidua;1B;26;2;;6.6;60;2;;1;0;arv(galho);;124;24;vale;;;26;4;2018;455;4527;7.3;6.3
Restoration;semidecidua;1B;26;2;;9.2;70;3;;1;0;arv(galho);NA;214;116;vale;;;26;4;2018;455;4528;10.5;6.6
Restoration;semidecidua;1B;26;3;;;;;;0;0;;;;;vale;;;26;4;2018;455;4529;;
Restoration;semidecidua;3B;26;1;;;;;;0;0;;;;;vale;;;26;4;2018;455;4530;;
Restoration;semidecidua;3B;26;2;;9.7;190;5;;1;0;arv(galho);branca;86;5;vale;;;26;4;2018;455;4531;9.7;6.7
Restoration;semidecidua;3B;26;2;;7.4;40;2;;1;0;arv(galho);;34;16;vale;;;26;4;2018;455;4532;7.8;6.4
Restoration;semidecidua;3B;26;2;;10.4;210;5;;1;0;arv(galho);branca;55;48;vale;;;26;4;2018;455;4533;11.8;10.4
Restoration;semidecidua;3B;26;2;;13.2;30;4;;1;0;arv(galho);branca;15;8;vale;;;26;4;2018;455;4534;11.5;8.4
Restoration;semidecidua;3B;26;2;;19.8;190;3;;0;1;arv(galho);NA;373;240;vale;Foto raizes fina na MM. Facilitação: umidade solo < umidade MM;;26;4;2018;455;4535;22.9;15.5
Restoration;semidecidua;3B;26;2;;42.3;220;3;;0;0;arv;mista;460;370;vale;;;26;4;2018;455;4536;71.3;35.5
Restoration;semidecidua;3B;26;2;;7.9;10;3;;1;0;arv(galho);mista;196;150;vale;;;26;4;2018;455;4537;13.1;6.5
Restoration;semidecidua;3B;26;2;;15.2;40;3;;1;0;arv(galho);NA;65;31;vale;;;26;4;2018;455;4538;15.7;15.5
Restoration;semidecidua;3B;26;2;;8.9;20;4;;1;0;arv(galho);branca;76;33;vale;;;26;4;2018;455;4539;9.7;8.9
Restoration;semidecidua;3B;26;2;;7.6;0;2;;1;0;arv(galho);;201;139;vale;;;26;4;2018;455;4540;13;8
Restoration;semidecidua;3B;26;2;;21.8;210;4;;0;1;arv(galho);branca;112;50;vale;;;26;4;2018;455;4541;25.1;17
Restoration;semidecidua;3B;26;3;;;;;;0;0;;;;;vale;;;26;4;2018;455;4542;;
Restoration;semidecidua;2A;34;1;;;;;;0;0;;;;;vale;;;26;4;2018;455;4543;;
Restoration;semidecidua;2A;34;2;;;;;;0;0;;;;;vale;;;26;4;2018;455;4544;;
Restoration;semidecidua;2A;34;3;;;;;;0;0;;;;;vale;;;26;4;2018;455;4545;;
Restoration;semidecidua;3A;34;1;;35.9;350;3;;0;0;arv;branca;285;115;vale;;;26;4;2018;455;4546;38.8;33
Restoration;semidecidua;3A;34;2;;8.9;340;5;;1;0;arv(galho);mista;92;26;vale;;;26;4;2018;455;4547;13;6.3
Restoration;semidecidua;3A;34;2;;7.1;330;3;;1;0;arv(galho);NA;97;70;vale;;;26;4;2018;455;4548;7.9;7.1
Restoration;semidecidua;3A;34;2;;14.5;200;4;;1;0;arv(galho);branca;115;74;vale;;;26;4;2018;455;4549;14.1;13.8
Restoration;semidecidua;3A;34;2;;22.9;30;3;;0;1;arv(galho);mista;114;72;vale;;;26;4;2018;455;4550;22.2;20.5
Restoration;semidecidua;3A;34;2;;8.1;10;4;;1;0;arv(galho);mista;58;36;vale;;;26;4;2018;455;4551;8.8;8.2
Restoration;semidecidua;3A;34;2;;12.9;340;2;;1;0;arv(galho);;234;31;vale;;;26;4;2018;455;4552;6.5;12.7
Restoration;semidecidua;3A;34;2;;16.5;10;4;;0;1;arv(galho);branca;78;77;vale;;;26;4;2018;455;4553;17.7;16.5
Restoration;semidecidua;3A;34;2;;7.4;240;5;;1;0;arv(galho);branca;58;57;vale;;;26;4;2018;455;4554;7.9;7.4
Restoration;semidecidua;3A;34;2;;12.1;50;1;;1;0;arv(galho);;442;239;vale;;;26;4;2018;455;4555;13.8;9.9
Restoration;semidecidua;3A;34;3;;46.8;250;4;;0;0;arv;mista;120;90;vale;;;26;4;2018;455;4556;49.9;37.7
Restoration;semidecidua;1A;34;1;;;;;;0;0;;;;;vale;;;26;4;2018;455;4557;;
Restoration;semidecidua;1A;34;2;;10.3;150;2;;1;0;arv(galho);;212;20;vale;;;26;4;2018;455;4558;10.5;7.5
Restoration;semidecidua;1A;34;2;;8.1;350;2;;1;0;arv(galho);;225;126;vale;;;26;4;2018;455;4559;10.1;6.8
Restoration;semidecidua;1A;34;2;;10.9;100;5;;1;0;arv(galho);branca;21;10;vale;;;26;4;2018;455;4560;10.9;10.9
Restoration;semidecidua;1A;34;2;;18.7;220;3;;0;1;arv(galho);NA;165;56;vale;;;26;4;2018;455;4561;21.8;18.5
Restoration;semidecidua;1A;34;3;;;;;;0;0;;;;;vale;;;26;4;2018;455;4562;;
Restoration;semidecidua;2A;42;1;;;;;;0;0;;;;;vale;;;26;4;2018;455;4563;;
Restoration;semidecidua;2A;42;2;;7.8;30;5;;1;0;arv(galho);mista;69;40;vale;;;26;4;2018;455;4564;8.1;8
Restoration;semidecidua;2A;42;2;;13.3;350;4;;1;0;arv(galho);mista;190;152;vale;;;26;4;2018;455;4565;15.5;13.5
Restoration;semidecidua;2A;42;2;;7.2;210;2;;1;0;arv(galho);;116;93;vale;;;26;4;2018;455;4566;8.7;7.1
Restoration;semidecidua;2A;42;3;;;;;;0;0;;;;;vale;;;26;4;2018;455;4567;;
Restoration;semidecidua;3A;42;1;;;;;;0;0;;;;;vale;;;26;4;2018;455;4568;;
Restoration;semidecidua;3A;42;2;;11.2;60;5;;1;0;arv(galho);mista;40;33;vale;;;26;4;2018;455;4569;15.8;11
Restoration;semidecidua;3A;42;2;;10;190;3;;1;0;arv(galho);mista;113;1;vale;;;26;4;2018;455;4570;10;7.5
Restoration;semidecidua;3A;42;2;;28.2;50;5;;0;1;arv(galho);mista;81;21;vale;;;26;4;2018;455;4571;28.2;22.1
Restoration;semidecidua;3A;42;2;;12.3;210;3;;1;0;arv(galho);mista;95;8;vale;;;26;4;2018;455;4572;12.5;7.6
Restoration;semidecidua;3A;42;2;;7.8;340;3;;1;0;arv(galho);mista;127;80;vale;;;26;4;2018;455;4573;14.7;7
Restoration;semidecidua;3A;42;2;;16.1;350;4;;0;1;arv(galho);branca;240;226;vale;;;26;4;2018;455;4574;23.6;15.8
Restoration;semidecidua;3A;42;3;;;;;;0;0;;;;;vale;;;26;4;2018;455;4575;;
Restoration;semidecidua;1A;42;1;;;;;;0;0;;;;;vale;;;26;4;2018;455;4576;;
Restoration;semidecidua;1A;42;2;;6.8;10;2;;1;0;arv(galho);;76;62;vale;;;26;4;2018;455;4577;8.4;7
Restoration;semidecidua;1A;42;2;;10;280;3;;1;0;arv(galho);branca;92;90;vale;;;26;4;2018;455;4578;10;8.5
Restoration;semidecidua;1A;42;2;;9;240;2;;1;0;arv(galho);;79;41;vale;;;26;4;2018;455;4579;10.2;6.3
Restoration;semidecidua;1A;42;2;;7.3;190;2;;1;0;arv(galho);;160;130;vale;;;26;4;2018;455;4580;10;6.3
Restoration;semidecidua;1A;42;2;;;;;;0;0;;;;;vale;;;26;4;2018;455;4581;;
